{"cameraMode":{"drawMode":0,"name":"Shaded","section":"Shading Mode"},"sceneLighting":true,"audioPlay":false,"sceneViewState":{"showFog":true,"showMaterialUpdate":true,"showSkybox":true,"showFlares":true,"showImageEffects":true,"showParticleSystems":true},"in2DMode":false,"pivot":{"x":-8.297676086425782,"y":3.2986581325531008,"z":-41.429683685302737},"rotation":{"x":-0.08240370452404022,"y":0.9518799781799316,"z":-0.22896938025951386,"w":-0.19411170482635499},"size":2.2912886142730715,"orthographic":false}